Workbook

Sheet Sheet1
A1: Table Name | B1: Count | C1: Temp | D1: Batch no. | F1: Table name | G1: Delete Count | I1: PRD EXP Count | J1: Count Compare
A2: PS_TECOUDFHDRX_HXX | B2: 0 | C2: COUDF_XX | D2: 28 | F2: PS_ABICSTINVSP_HXX | G2: 0 | I2: =IF(COUNTIF(Sheet3!A:A,F2)>0,VLOOKUP(F2,Sheet3!A:B,2,FALSE),"Not Found") -> 0 | J2: =IF(G2=I2,"Matching","Mis Match") -> Matching
A3: PS_AHRJBRQDPT_H_XX | B3: 8706 | C3: DPTRQ_XX | D3: 2 | F3: PS_ABICSTINVT_H_XX | G3: 0 | I3: =IF(COUNTIF(Sheet3!A:A,F3)>0,VLOOKUP(F3,Sheet3!A:B,2,FALSE),"Not Found") -> 0 | J3: =IF(G3=I3,"Matching","Mis Match") -> Matching
A4: PS_JOBREQ_H_XX | B4: 0 | C4: JOBRQ_XX | D4: 26 | F4: PS_AHRCMHLDT_H_XX | G4: 664 | I4: =IF(COUNTIF(Sheet3!A:A,F4)>0,VLOOKUP(F4,Sheet3!A:B,2,FALSE),"Not Found") -> 664 | J4: =IF(G4=I4,"Matching","Mis Match") -> Matching
A5: PS_PRCQUEHIST_H_XX | B5: 0 | C5: PRCS_XX | D5: 6 | F5: PS_AHRJBRQDPT_H_XX | G5: 8706 | I5: =IF(COUNTIF(Sheet3!A:A,F5)>0,VLOOKUP(F5,Sheet3!A:B,2,FALSE),"Not Found") -> 8706 | J5: =IF(G5=I5,"Matching","Mis Match") -> Matching
A6: PS_AHRPSBILPY_H_XX | B6: 5664102 | C6: PSBPY_XX | D6: 9 | F6: PS_AHRJOBRQPS_H_XX | G6: 1932752 | I6: =IF(COUNTIF(Sheet3!A:A,F6)>0,VLOOKUP(F6,Sheet3!A:B,2,FALSE),"Not Found") -> 1932752 | J6: =IF(G6=I6,"Matching","Mis Match") -> Matching
A7: PS_TEPOSCOMPX_H_XX | B7: 1733 | C7: PSCMP_XX | D7: 11 | F7: PS_AHRPSBILPY_H_XX | G7: 5664102 | I7: =IF(COUNTIF(Sheet3!A:A,F7)>0,VLOOKUP(F7,Sheet3!A:B,2,FALSE),"Not Found") -> 5664102 | J7: =IF(G7=I7,"Matching","Mis Match") -> Matching
A8: PS_TE_EMP_OBU_H_XX | B8: 0 | C8: PSHDR_XX | D8: 23 | F8: PS_AHRPSPCTCM_H_XX | G8: 3490352 | I8: =IF(COUNTIF(Sheet3!A:A,F8)>0,VLOOKUP(F8,Sheet3!A:B,2,FALSE),"Not Found") -> 3490352 | J8: =IF(G8=I8,"Matching","Mis Match") -> Matching
A9: PS_JPMPROFILE_H_XX | B9: 0 | C9: PSJPM_XX | D9: 24 | F9: PS_AHRPSPCTDCM_HXX | G9: 17823 | I9: =IF(COUNTIF(Sheet3!A:A,F9)>0,VLOOKUP(F9,Sheet3!A:B,2,FALSE),"Not Found") -> 17823 | J9: =IF(G9=I9,"Matching","Mis Match") -> Matching
A10: PS_ABICSTINVSP_HXX | B10: 0 | C10: SRVHD_XX | D10: 27 | F10: PS_AHRSRVDISX_H_XX | G10: 0 | I10: =IF(COUNTIF(Sheet3!A:A,F10)>0,VLOOKUP(F10,Sheet3!A:B,2,FALSE),"Not Found") -> 0 | J10: =IF(G10=I10,"Matching","Mis Match") -> Matching
A11: PS_APYCOMMSUM_H_XX | B11: 481505 | C11: CMSUM_XX | D11: 1 | F11: PS_AHRSRVDSX_H_XX | G11: 0 | I11: =IF(COUNTIF(Sheet3!A:A,F11)>0,VLOOKUP(F11,Sheet3!A:B,2,FALSE),"Not Found") -> 0 | J11: =IF(G11=I11,"Matching","Mis Match") -> Matching
A12: PS_TECOUDFVALX_HXX | B12: 0 | C12: COUDF_XX | D12: 28 | F12: PS_AHRSRVHDRT_H_XX | G12: 0 | I12: =IF(COUNTIF(Sheet3!A:A,F12)>0,VLOOKUP(F12,Sheet3!A:B,2,FALSE),"Not Found") -> 0 | J12: =IF(G12=I12,"Matching","Mis Match") -> Matching
A13: PS_TEJRTCHSTX_H_XX | B13: 0 | C13: JOBRQ_XX | D13: 26 | F13: PS_AHRSRVJBRT_H_XX | G13: 0 | I13: =IF(COUNTIF(Sheet3!A:A,F13)>0,VLOOKUP(F13,Sheet3!A:B,2,FALSE),"Not Found") -> 0 | J13: =IF(G13=I13,"Matching","Mis Match") -> Matching
... A86: PS_TESPRDSUMX_H_XX | B86: 0 | C86: TESPD_XX | D86: 5 | F86: PS_TLHRTESTGX_H_XX | G86: 0 | I86: =IF(COUNTIF(Sheet3!A:A,F86)>0,VLOOKUP(F86,Sheet3!A:B,2,FALSE),"Not Found") -> 0 | J86: =IF(G86=I86,"Matching","Mis Match") -> Matching
F87: (blank) | I87: =IF(COUNTIF(Sheet3!A:A,F87)>0,VLOOKUP(F87,Sheet3!A:B,2,FALSE),"Not Found") -> 0 | J87: =IF(G87=I87,"Matching","Mis Match") -> Matching
F88: Grand Total | G88: 69548242

Sheet Sheet3
A1: Tabvle Name | B1: EXP PRD COUNT | E1: Table Name | F1: Count
A2: PS_ABICSTINVSP_HXX | B2: 0 | E2: PS_AHRSRVJBRT_H_XX | F2: 0
A3: PS_ABICSTINVT_H_XX | B3: 0 | E3: PS_COMSCHDTLX_H_XX | F3: 42
A4: PS_AHRCMHLDT_H_XX | B4: 664 | E4: PS_COMSCHHDRX_H_XX | F4: 14
A5: PS_AHRJBRQDPT_H_XX | B5: 8706 | E5: PS_APYCOMMSUM_H_XX | F5: 481505
A6: PS_AHRJOBRQPS_H_XX | B6: 1932752 | E6: PS_CA_DT_PROJ_H_XX | F6: 4
A7: PS_AHRPSBILPY_H_XX | B7: 5664102 | E7: PS_CA_CNTRHDR_H_XX | F7: 2
A8: PS_AHRPSPCTCM_H_XX | B8: 3490352 | E8: PS_CA_DETAIL_H_XX | F8: 0
A9: PS_AHRPSPCTDCM_HXX | B9: 17823 | E9: PS_TECOUDFX_H_XX | F9: 0
A10: PS_AHRSRVDISX_H_XX | B10: 0 | E10: PS_TECOUDFHDRX_HXX | F10: 0
A11: PS_AHRSRVDSX_H_XX | B11: 0 | E11: PS_TECOUDFVALX_HXX | F11: 0
A12: PS_AHRSRVHDRT_H_XX | B12: 0 | E12: PS_AHRPSPCTDCM_HXX | F12: 17823
A13: PS_AHRSRVJBRT_H_XX | B13: 0 | E13: PS_AHRJBRQDPT_H_XX | F13: 8706
... A86: PS_TLHRTESTGX_H_XX | B86: 0 | E86: PS_APYTMSUMADJ_HXX | F86: 542088
A87: (blank)
A88: Grand Total | B88: 69548242

Sheet Generic 2
A1: Table Name | B1: Delete count | H1: Table NAME | I1: Deleted count | K1: PRD EXP COUNT | L1: Count Compare
A2: PS_TECOUDFHDRX_HXX | B2: 0 | E2: COUDF_XX, | F2: 28 | H2: PS_ABICSTINVSP_HXX | I2: 0 | K2: =IF(COUNTIF(Sheet3!A:A,H2)>0,VLOOKUP(H2,Sheet3!A:B,2,FALSE),"Not Found") -> 0 | L2: =IF(I2=K2,"Match","Mis Match") -> Match
A3: PS_AHRJBRQDPT_H_XX | B3: 8706 | E3: DPTRQ_XX, | F3: 2 | H3: PS_ABICSTINVT_H_XX | I3: 0 | K3: =IF(COUNTIF(Sheet3!A:A,H3)>0,VLOOKUP(H3,Sheet3!A:B,2,FALSE),"Not Found") -> 0 | L3: =IF(I3=K3,"Match","Mis Match") -> Match
A4: PS_JOBREQ_H_XX | B4: 0 | E4: JOBRQ_XX, | F4: 26 | H4: PS_AHRCMHLDT_H_XX | I4: 664 | K4: =IF(COUNTIF(Sheet3!A:A,H4)>0,VLOOKUP(H4,Sheet3!A:B,2,FALSE),"Not Found") -> 664 | L4: =IF(I4=K4,"Match","Mis Match") -> Match
A5: PS_PRCQUEHIST_H_XX | B5: 0 | E5: PRCS_XX, | F5: 6 | H5: PS_AHRJBRQDPT_H_XX | I5: 8706 | K5: =IF(COUNTIF(Sheet3!A:A,H5)>0,VLOOKUP(H5,Sheet3!A:B,2,FALSE),"Not Found") -> 8706 | L5: =IF(I5=K5,"Match","Mis Match") -> Match
A6: PS_AHRPSBILPY_H_XX | B6: 5664102 | E6: PSBPY_XX, | F6: 9 | H6: PS_AHRJOBRQPS_H_XX | I6: 1932752 | K6: =IF(COUNTIF(Sheet3!A:A,H6)>0,VLOOKUP(H6,Sheet3!A:B,2,FALSE),"Not Found") -> 1932752 | L6: =IF(I6=K6,"Match","Mis Match") -> Match
A7: PS_TEPOSCOMPX_H_XX | B7: 1733 | E7: PSCMP_XX, | F7: 11 | H7: PS_AHRPSBILPY_H_XX | I7: 5664102 | K7: =IF(COUNTIF(Sheet3!A:A,H7)>0,VLOOKUP(H7,Sheet3!A:B,2,FALSE),"Not Found") -> 5664102 | L7: =IF(I7=K7,"Match","Mis Match") -> Match
A8: PS_TE_EMP_OBU_H_XX | B8: 0 | E8: PSHDR_XX, | F8: 23 | H8: PS_AHRPSPCTCM_H_XX | I8: 3490352 | K8: =IF(COUNTIF(Sheet3!A:A,H8)>0,VLOOKUP(H8,Sheet3!A:B,2,FALSE),"Not Found") -> 3490352 | L8: =IF(I8=K8,"Match","Mis Match") -> Match
A9: PS_JPMPROFILE_H_XX | B9: 0 | E9: PSJPM_XX, | F9: 24 | H9: PS_AHRPSPCTDCM_HXX | I9: 17823 | K9: =IF(COUNTIF(Sheet3!A:A,H9)>0,VLOOKUP(H9,Sheet3!A:B,2,FALSE),"Not Found") -> 17823 | L9: =IF(I9=K9,"Match","Mis Match") -> Match
A10: PS_ABICSTINVSP_HXX | B10: 0 | E10: SRVHD_XX, | F10: 27 | H10: PS_AHRSRVDISX_H_XX | I10: 0 | K10: =IF(COUNTIF(Sheet3!A:A,H10)>0,VLOOKUP(H10,Sheet3!A:B,2,FALSE),"Not Found") -> 0 | L10: =IF(I10=K10,"Match","Mis Match") -> Match
A11: PS_APYCOMMSUM_H_XX | B11: 481505 | E11: CMSUM_XX, | F11: 1 | H11: PS_AHRSRVDSX_H_XX | I11: 0 | K11: =IF(COUNTIF(Sheet3!A:A,H11)>0,VLOOKUP(H11,Sheet3!A:B,2,FALSE),"Not Found") -> 0 | L11: =IF(I11=K11,"Match","Mis Match") -> Match
A12: PS_TECOUDFVALX_HXX | B12: 0 | E12: COUDF_XX, | F12: 28 | H12: PS_AHRSRVHDRT_H_XX | I12: 0 | K12: =IF(COUNTIF(Sheet3!A:A,H12)>0,VLOOKUP(H12,Sheet3!A:B,2,FALSE),"Not Found") -> 0 | L12: =IF(I12=K12,"Match","Mis Match") -> Match
A13: PS_TEJRTCHSTX_H_XX | B13: 0 | E13: JOBRQ_XX, | F13: 26 | H13: PS_AHRSRVJBRT_H_XX | I13: 0 | K13: =IF(COUNTIF(Sheet3!A:A,H13)>0,VLOOKUP(H13,Sheet3!A:B,2,FALSE),"Not Found") -> 0 | L13: =IF(I13=K13,"Match","Mis Match") -> Match
... A86: PS_TESPRDSUMX_H_XX | B86: 0 | E86: TESPD_XX, | F86: 5 | H86: PS_TLHRTESTGX_H_XX | I86: 0 | K86: =IF(COUNTIF(Sheet3!A:A,H86)>0,VLOOKUP(H86,Sheet3!A:B,2,FALSE),"Not Found") -> 0 | L86: =IF(I86=K86,"Match","Mis Match") -> Match
H87: (blank) | K87: =IF(COUNTIF(Sheet3!A:A,H87)>0,VLOOKUP(H87,Sheet3!A:B,2,FALSE),"Not Found") -> 0 | L87: =IF(I87=K87,"Match","Mis Match") -> Match
H88: Grand Total | I88: 69548242
