Workbook

Sheet Sheet1
A1: Table name | B1: Count | C1: Template | D1: Batch no.
A2: PS_TEJRTCHSTX_H_XX | B2: 0 | C2: JOBRQ_XX | D2: 26
A3: PS_CANTAXDATA_H_XX | B3: 0 | C3: PSPDA_XX | D3: 22
A4: PS_PERSDATAEF_H_XX | B4: 0 | C4: PSPDA_XX | D4: 22
A5: PS_PERS_NID_H_XX | B5: 0 | C5: PSPDA_XX | D5: 22
A6: PS_CDMLISTHIS_H_XX | B6: 0 | C6: PRCS_XX | D6: 6
A7: PS_AHRPSPCTCM_H_XX | B7: 3490352 | C7: PSCOM_XX | D7: 12
A8: PS_JRPOSDSX_H_XX | B8: 0 | C8: PSDSC_XX | D8: 13
A9: PS_PMOASISTEC_H_XX | B9: 0 | C9: TEPOS_XX | D9: 16
A10: PS_TEJRPOSHDX_H_XX | B10: 657246 | C10: POSRQ_XX | D10: 3
A11: PS_TECOUDFVALX_HXX | B11: 0 | C11: COUDF_XX | D11: 28
A12: PS_JOBREQ_H_XX | B12: 0 | C12: JOBRQ_XX | D12: 26
A13: PS_JOB_H_XX | B13: 0 | C13: PSPDA_XX | D13: 22
... A86: PS_TE_EMP_CO_H_XX | B86: 0 | C86: PSHDR_XX | D86: 23

Sheet Sheet2
A1: Delete log TBL name | B1: Delete count | D1: PRD EXP COUNT | F1: Count Compare
A2: PS_ABICSTINVSP_HXX | B2: 0 | D2: =IF(COUNTIF(Sheet4!A:A,A2)>0,VLOOKUP(A2,Sheet4!A:B,2,FALSE),"Not Found") -> 0 | F2: =IF(B2=D2,"Matching","Mis Match") -> Matching
A3: PS_ABICSTINVT_H_XX | B3: 0 | D3: =IF(COUNTIF(Sheet4!A:A,A3)>0,VLOOKUP(A3,Sheet4!A:B,2,FALSE),"Not Found") -> 0 | F3: =IF(B3=D3,"Matching","Mis Match") -> Matching
A4: PS_AHRCMHLDT_H_XX | B4: 664 | D4: =IF(COUNTIF(Sheet4!A:A,A4)>0,VLOOKUP(A4,Sheet4!A:B,2,FALSE),"Not Found") -> 664 | F4: =IF(B4=D4,"Matching","Mis Match") -> Matching
A5: PS_AHRJBRQDPT_H_XX | B5: 8706 | D5: =IF(COUNTIF(Sheet4!A:A,A5)>0,VLOOKUP(A5,Sheet4!A:B,2,FALSE),"Not Found") -> 8706 | F5: =IF(B5=D5,"Matching","Mis Match") -> Matching
A6: PS_AHRJOBRQPS_H_XX | B6: 1932752 | D6: =IF(COUNTIF(Sheet4!A:A,A6)>0,VLOOKUP(A6,Sheet4!A:B,2,FALSE),"Not Found") -> 1932752 | F6: =IF(B6=D6,"Matching","Mis Match") -> Matching
A7: PS_AHRPSBILPY_H_XX | B7: 5664102 | D7: =IF(COUNTIF(Sheet4!A:A,A7)>0,VLOOKUP(A7,Sheet4!A:B,2,FALSE),"Not Found") -> 5664102 | F7: =IF(B7=D7,"Matching","Mis Match") -> Matching
A8: PS_AHRPSPCTCM_H_XX | B8: 3490352 | D8: =IF(COUNTIF(Sheet4!A:A,A8)>0,VLOOKUP(A8,Sheet4!A:B,2,FALSE),"Not Found") -> 3490352 | F8: =IF(B8=D8,"Matching","Mis Match") -> Matching
A9: PS_AHRPSPCTDCM_HXX | B9: 17823 | D9: =IF(COUNTIF(Sheet4!A:A,A9)>0,VLOOKUP(A9,Sheet4!A:B,2,FALSE),"Not Found") -> 17823 | F9: =IF(B9=D9,"Matching","Mis Match") -> Matching
A10: PS_AHRSRVDISX_H_XX | B10: 0 | D10: =IF(COUNTIF(Sheet4!A:A,A10)>0,VLOOKUP(A10,Sheet4!A:B,2,FALSE),"Not Found") -> 0 | F10: =IF(B10=D10,"Matching","Mis Match") -> Matching
A11: PS_AHRSRVDSX_H_XX | B11: 0 | D11: =IF(COUNTIF(Sheet4!A:A,A11)>0,VLOOKUP(A11,Sheet4!A:B,2,FALSE),"Not Found") -> 0 | F11: =IF(B11=D11,"Matching","Mis Match") -> Matching
A12: PS_AHRSRVHDRT_H_XX | B12: 0 | D12: =IF(COUNTIF(Sheet4!A:A,A12)>0,VLOOKUP(A12,Sheet4!A:B,2,FALSE),"Not Found") -> 0 | F12: =IF(B12=D12,"Matching","Mis Match") -> Matching
A13: PS_AHRSRVJBRT_H_XX | B13: 0 | D13: =IF(COUNTIF(Sheet4!A:A,A13)>0,VLOOKUP(A13,Sheet4!A:B,2,FALSE),"Not Found") -> 0 | F13: =IF(B13=D13,"Matching","Mis Match") -> Matching
... A86: PS_TLHRTESTGX_H_XX | B86: 0 | D86: =IF(COUNTIF(Sheet4!A:A,A86)>0,VLOOKUP(A86,Sheet4!A:B,2,FALSE),"Not Found") -> 0 | F86: =IF(B86=D86,"Matching","Mis Match") -> Matching
A87: (blank) | D87: =IF(COUNTIF(Sheet4!A:A,A87)>0,VLOOKUP(A87,Sheet4!A:B,2,FALSE),"Not Found") -> 0 | F87: =IF(B87=D87,"Matching","Mis Match") -> Matching
A88: Grand Total | B88: 69548242

Sheet Sheet3
A1: PRD EXP Table Name | B1: Count
A2: PS_AHRSRVJBRT_H_XX | B2: 0
A3: PS_COMSCHDTLX_H_XX | B3: 42
A4: PS_COMSCHHDRX_H_XX | B4: 14
A5: PS_APYCOMMSUM_H_XX | B5: 481505
A6: PS_CA_DT_PROJ_H_XX | B6: 4
A7: PS_CA_CNTRHDR_H_XX | B7: 2
A8: PS_CA_DETAIL_H_XX | B8: 0
A9: PS_TECOUDFX_H_XX | B9: 0
A10: PS_TECOUDFHDRX_HXX | B10: 0
A11: PS_TECOUDFVALX_HXX | B11: 0
A12: PS_AHRPSPCTDCM_HXX | B12: 17823
A13: PS_AHRJBRQDPT_H_XX | B13: 8706
... A86: PS_APYTMSUMADJ_HXX | B86: 542088

Sheet Sheet4
A1: Table Name | B1: Sum of Count
A2: PS_ABICSTINVSP_HXX | B2: 0
A3: PS_ABICSTINVT_H_XX | B3: 0
A4: PS_AHRCMHLDT_H_XX | B4: 664
A5: PS_AHRJBRQDPT_H_XX | B5: 8706
A6: PS_AHRJOBRQPS_H_XX | B6: 1932752
A7: PS_AHRPSBILPY_H_XX | B7: 5664102
A8: PS_AHRPSPCTCM_H_XX | B8: 3490352
A9: PS_AHRPSPCTDCM_HXX | B9: 17823
A10: PS_AHRSRVDISX_H_XX | B10: 0
A11: PS_AHRSRVDSX_H_XX | B11: 0
A12: PS_AHRSRVHDRT_H_XX | B12: 0
A13: PS_AHRSRVJBRT_H_XX | B13: 0
... A86: PS_TLHRTESTGX_H_XX | B86: 0
A87: (blank)
A88: Grand Total | B88: 43203281
